artist,song,duration_ms,explicit,year,popularity,danceability,energy,key,loudness,mode,speechiness,acousticness,instrumentalness,liveness,valence,tempo,genre,artist_song
In This Moment,Adrenalize,255773,False,2012,0,0.465,0.96,6,-3.888,1,0.0792,0.00023,0.0,0.129,0.43,132.014,hard-rock,"In This Moment, Adrenalize"
In This Moment,Adrenalize,255773,False,2012,0,0.465,0.96,6,-3.888,1,0.0792,0.00023,0.0,0.129,0.43,132.014,metal,"In This Moment, Adrenalize"
Heart,Alone,218733,False,2002,0,0.411,0.685,1,-5.755,1,0.0377,0.609,0.0001,0.108,0.147,175.186,rock,"Heart, Alone"
Heart,Alone,218733,False,1987,73,0.418,0.452,1,-13.099,1,0.0356,0.638,0.00026,0.0959,0.168,175.088,rock,"Heart, Alone"
Nightwish,Amaranth,231413,False,2007,0,0.553,0.874,2,-3.685,0,0.0401,0.00388,0.00184,0.104,0.319,127.961,hard-rock,"Nightwish, Amaranth"
Nightwish,Amaranth,233867,False,2008,0,0.559,0.864,2,-3.989,0,0.0423,0.00445,0.00313,0.0625,0.291,127.983,heavy-metal,"Nightwish, Amaranth"
Nightwish,Amaranth,231413,False,2007,0,0.553,0.874,2,-3.685,0,0.0401,0.00388,0.00184,0.104,0.319,127.961,metal,"Nightwish, Amaranth"
Nosaj Thing,Aquarium,184000,False,2006,49,0.635,0.655,0,-9.521,1,0.0484,0.15,0.553,0.129,0.271,91.026,idm,"Nosaj Thing, Aquarium"
Nosaj Thing,Aquarium,184000,False,2006,49,0.635,0.655,0,-9.521,1,0.0484,0.15,0.553,0.129,0.271,91.026,indie,"Nosaj Thing, Aquarium"
Nosaj Thing,Aquarium,184000,False,2006,49,0.635,0.655,0,-9.521,1,0.0484,0.15,0.553,0.129,0.271,91.026,trip-hop,"Nosaj Thing, Aquarium"
Daft Punk,Around the World,429533,False,1997,75,0.956,0.795,7,-5.311,1,0.15,0.00356,0.889,0.0906,0.841,121.294,dub,"Daft Punk, Around the World"
Daft Punk,Around the World,429533,False,1997,75,0.956,0.795,7,-5.311,1,0.15,0.00356,0.889,0.0906,0.841,121.294,electronic,"Daft Punk, Around the World"
Oliver Koletzki & Fran,Arrow And Bow - Marek Hemmann Remix,431375,False,2010,0,0.799,0.57,2,-13.467,0,0.0563,0.00398,0.662,0.115,0.523,124.999,deep-house,"Oliver Koletzki & Fran, Arrow And Bow - Marek Hemmann Remix"
Oliver Koletzki & Fran,Arrow And Bow - Marek Hemmann Remix,431375,False,2010,0,0.799,0.57,2,-13.467,0,0.0563,0.00398,0.662,0.115,0.523,124.999,minimal-techno,"Oliver Koletzki & Fran, Arrow And Bow - Marek Hemmann Remix"
Chase & Status,Blind Faith,233082,False,2011,0,0.453,0.85,9,-4.776,0,0.0541,0.00585,1.61e-06,0.213,0.418,140.05,breakbeat,"Chase & Status, Blind Faith"
Chase & Status,Blind Faith,233082,False,2011,0,0.453,0.85,9,-4.776,0,0.0541,0.00585,1.61e-06,0.213,0.418,140.05,drum-and-bass,"Chase & Status, Blind Faith"
Chase & Status,Blind Faith,233082,False,2011,0,0.453,0.85,9,-4.776,0,0.0541,0.00585,1.61e-06,0.213,0.418,140.05,dubstep,"Chase & Status, Blind Faith"
Robin Thicke,Blurred Lines,263053,False,2013,0,0.862,0.503,7,-7.703,1,0.0494,0.00453,1.87e-05,0.0761,0.863,119.998,house,"Robin Thicke, Blurred Lines"
Robin Thicke,Blurred Lines,263053,False,2013,0,0.862,0.503,7,-7.703,1,0.0494,0.00453,1.87e-05,0.0761,0.863,119.998,new-age,"Robin Thicke, Blurred Lines"
Sam Hunt,Body Like A Back Road,165387,False,2017,72,0.732,0.458,5,-7.225,1,0.0311,0.447,0.0,0.136,0.661,98.938,country,"Sam Hunt, Body Like A Back Road"
Sam Hunt,Body Like A Back Road,165387,False,2017,72,0.732,0.458,5,-7.225,1,0.0311,0.447,0.0,0.136,0.661,98.938,hip-hop,"Sam Hunt, Body Like A Back Road"
Queen,Bohemian Rhapsody - Remastered 2011,354320,False,1975,73,0.392,0.402,0,-9.961,0,0.0536,0.288,0.0,0.243,0.228,143.883,rock,"Queen, Bohemian Rhapsody - Remastered 2011"
Queen,Bohemian Rhapsody - Remastered 2011,354320,False,2011,54,0.392,0.402,0,-9.961,0,0.0536,0.288,0.0,0.243,0.228,143.883,rock,"Queen, Bohemian Rhapsody - Remastered 2011"
alt-J,Breezeblocks,227080,False,2012,71,0.615,0.658,5,-7.299,1,0.0343,0.096,0.000911,0.205,0.293,150.093,indie,"alt-J, Breezeblocks"
alt-J,Breezeblocks,227080,False,2012,71,0.615,0.658,5,-7.299,1,0.0343,0.096,0.000911,0.205,0.293,150.093,indie-pop,"alt-J, Breezeblocks"
Commodores,Brick House,208893,False,1977,64,0.831,0.782,4,-10.48,0,0.0595,0.0731,0.0171,0.032,0.631,107.877,soul funk disco,"Commodores, Brick House"
Commodores,Brick House,206800,False,1997,19,0.83,0.892,4,-5.611,0,0.0647,0.0328,0.00408,0.0658,0.675,107.752,soul funk disco,"Commodores, Brick House"
Stephen Swartz,Bullet Train (feat. Joni Fatora),245538,False,2012,54,0.546,0.703,8,-3.139,0,0.123,0.00797,0.000327,0.175,0.196,129.868,dubstep,"Stephen Swartz, Bullet Train (feat. Joni Fatora)"
Stephen Swartz,Bullet Train (feat. Joni Fatora),245538,False,2012,54,0.546,0.703,8,-3.139,0,0.123,0.00797,0.000327,0.175,0.196,129.868,edm,"Stephen Swartz, Bullet Train (feat. Joni Fatora)"
La Roux,Bulletproof,205733,False,2009,0,0.674,0.882,3,-2.771,0,0.0477,0.000441,6.47e-05,0.068,0.682,123.016,electronic,"La Roux, Bulletproof"
La Roux,Bulletproof,221413,False,2011,0,0.702,0.847,11,-5.512,1,0.0493,0.0014,1.73e-05,0.138,0.42,126.792,synth-pop,"La Roux, Bulletproof"
Nightwish,Bye Bye Beautiful,254573,False,2007,0,0.488,0.88,9,-5.158,1,0.045,0.000121,0.000783,0.103,0.389,148.051,hard-rock,"Nightwish, Bye Bye Beautiful"
Nightwish,Bye Bye Beautiful,254573,False,2007,0,0.488,0.88,9,-5.158,1,0.045,0.000121,0.000783,0.103,0.389,148.051,metal,"Nightwish, Bye Bye Beautiful"
Caribou,Can't Do Without You,236040,False,2014,0,0.693,0.403,0,-9.036,1,0.0475,0.767,0.781,0.793,0.508,128.002,indie-pop,"Caribou, Can't Do Without You"
Caribou,Can't Do Without You,236040,False,2014,0,0.693,0.403,0,-9.036,1,0.0475,0.767,0.781,0.793,0.508,128.002,synth-pop,"Caribou, Can't Do Without You"
Kool & The Gang,Celebration,279867,False,2008,0,0.61,0.859,1,-7.446,1,0.0895,0.0939,5.27e-06,0.352,0.626,123.122,soul funk disco,"Kool & The Gang, Celebration"
Kool & The Gang,Celebration,220547,False,2012,0,0.813,0.875,1,-4.627,1,0.0448,0.0768,0.00454,0.0415,0.96,121.584,soul funk disco,"Kool & The Gang, Celebration"
The Runaways,Cherry Bomb,138707,False,1976,67,0.501,0.813,11,-8.192,1,0.0639,0.0455,4.75e-05,0.131,0.495,136.59,hard-rock,"The Runaways, Cherry Bomb"
The Runaways,Cherry Bomb,138707,False,1976,67,0.501,0.813,11,-8.192,1,0.0639,0.0455,4.75e-05,0.131,0.495,136.59,rock-n-roll,"The Runaways, Cherry Bomb"
Dirty South & Alesso,City of Dreams (feat. Ruben Haze),279375,False,2012,0,0.472,0.829,4,-5.073,1,0.0418,0.00329,0.00944,0.301,0.159,127.953,house,"Dirty South & Alesso, City of Dreams (feat. Ruben Haze)"
Dirty South & Alesso,City of Dreams (feat. Ruben Haze),279375,False,2012,0,0.472,0.829,4,-5.073,1,0.0418,0.00329,0.00944,0.301,0.159,127.953,techno,"Dirty South & Alesso, City of Dreams (feat. Ruben Haze)"
Eric Turner,Dancing In My Head,196786,False,2012,39,0.519,0.717,4,-5.135,1,0.0455,0.00536,0.0,0.112,0.229,125.078,house,"Eric Turner, Dancing In My Head"
Eric Turner,Dancing In My Head,196786,False,2012,39,0.519,0.717,4,-5.135,1,0.0455,0.00536,0.0,0.112,0.229,125.078,techno,"Eric Turner, Dancing In My Head"
All Time Low,Dear Maria  Count Me In,182827,False,2007,0,0.465,0.896,2,-3.126,1,0.0795,0.00725,0.0,0.206,0.569,181.014,rock,"All Time Low, Dear Maria  Count Me In"
All Time Low,Dear Maria  Count Me In,182827,False,2008,0,0.465,0.896,2,-3.126,1,0.0795,0.00725,0.0,0.206,0.569,181.014,rock,"All Time Low, Dear Maria  Count Me In"
Amon Amarth,Deceiver of the Gods,259173,False,2013,26,0.262,0.991,1,-5.373,0,0.167,4.09e-05,0.204,0.15,0.0827,192.858,metal,"Amon Amarth, Deceiver of the Gods"
Amon Amarth,Deceiver of the Gods,259173,False,2013,48,0.262,0.991,1,-5.373,0,0.167,4.09e-05,0.204,0.15,0.0827,192.858,metal,"Amon Amarth, Deceiver of the Gods"
Rihanna,Diamonds,225200,False,2012,0,0.553,0.674,11,-6.057,0,0.045,0.00117,0.0,0.16,0.369,91.958,pop,"Rihanna, Diamonds"
Rihanna,Diamonds,225147,False,2012,60,0.564,0.71,11,-4.92,0,0.0461,0.00125,0.0,0.109,0.393,91.972,pop,"Rihanna, Diamonds"
St. Vincent,Digital Witness,202000,False,2013,0,0.793,0.45,5,-7.062,1,0.0474,0.009,0.033,0.0954,0.891,104.979,indie-pop,"St. Vincent, Digital Witness"
St. Vincent,Digital Witness,202000,False,2013,0,0.793,0.45,5,-7.062,1,0.0474,0.009,0.033,0.0954,0.891,104.979,synth-pop,"St. Vincent, Digital Witness"
Of Monsters and Men,Dirty Paws,278373,False,2012,50,0.359,0.648,3,-7.06,1,0.035,0.108,0.0135,0.0555,0.133,111.733,indie-pop,"Of Monsters and Men, Dirty Paws"
Of Monsters and Men,Dirty Paws,278373,False,2012,50,0.359,0.648,3,-7.06,1,0.035,0.108,0.0135,0.0555,0.133,111.733,synth-pop,"Of Monsters and Men, Dirty Paws"
Arctic Monkeys,Do I Wanna Know?,272394,False,2013,0,0.548,0.532,5,-7.596,1,0.0323,0.186,0.000263,0.217,0.405,85.03,rock,"Arctic Monkeys, Do I Wanna Know?"
Arctic Monkeys,Do I Wanna Know?,273424,False,2013,0,0.535,0.574,2,-6.865,0,0.0372,0.35,9.96e-05,0.12,0.445,84.984,rock,"Arctic Monkeys, Do I Wanna Know?"
Ella Fitzgerald,Dream A Little Dream Of Me,187693,False,1996,0,0.549,0.169,9,-13.433,0,0.0779,0.918,0.0,0.159,0.36,79.318,jazz,"Ella Fitzgerald, Dream A Little Dream Of Me"
Ella Fitzgerald,Dream A Little Dream Of Me,187467,False,2011,0,0.456,0.236,9,-9.372,0,0.0862,0.924,0.0,0.184,0.366,79.058,soul,"Ella Fitzgerald, Dream A Little Dream Of Me"
Aerosmith,Dream On,265093,False,2011,0,0.412,0.528,1,-6.613,1,0.0259,0.298,5.03e-05,0.332,0.175,79.962,rock,"Aerosmith, Dream On"
Aerosmith,Dream On,266960,False,1973,78,0.307,0.433,1,-10.057,1,0.029,0.388,9.08e-05,0.332,0.224,160.9,rock,"Aerosmith, Dream On"
Amaranthe,Drop Dead Cynical,197853,False,2014,0,0.289,0.909,7,-3.95,1,0.0979,4.61e-05,0.000254,0.0936,0.486,140.068,hard-rock,"Amaranthe, Drop Dead Cynical"
Amaranthe,Drop Dead Cynical,197853,False,2014,0,0.289,0.909,7,-3.95,1,0.0979,4.61e-05,0.000254,0.0936,0.486,140.068,metal,"Amaranthe, Drop Dead Cynical"
A Boogie Wit da Hoodie,Drowning (feat. Kodak Black),209269,True,2017,80,0.839,0.81,5,-5.274,0,0.0568,0.501,0.0,0.117,0.814,129.014,hip-hop,"A Boogie Wit da Hoodie, Drowning (feat. Kodak Black)"
A Boogie Wit da Hoodie,Drowning (feat. Kodak Black),209269,True,2017,80,0.839,0.81,5,-5.274,0,0.0568,0.501,0.0,0.117,0.814,129.014,pop,"A Boogie Wit da Hoodie, Drowning (feat. Kodak Black)"
Baauer,Dum Dum,121874,False,2012,0,0.787,0.81,5,-7.822,1,0.0993,0.0596,0.125,0.625,0.644,77.505,dub,"Baauer, Dum Dum"
Baauer,Dum Dum,121874,False,2012,0,0.787,0.81,5,-7.822,1,0.0993,0.0596,0.125,0.625,0.644,77.505,electronic,"Baauer, Dum Dum"
Prince Royce,El Amor que Perdimos,246947,False,2010,0,0.797,0.818,8,-3.088,1,0.0358,0.0268,8.62e-06,0.0547,0.895,126.024,reggaeton,"Prince Royce, El Amor que Perdimos"
Prince Royce,El Amor que Perdimos,246947,False,2010,0,0.797,0.818,8,-3.088,1,0.0358,0.0268,8.62e-06,0.0547,0.895,126.024,salsa,"Prince Royce, El Amor que Perdimos"
Tame Impala,Elephant,211227,False,2012,0,0.591,0.556,2,-6.724,1,0.0384,0.529,0.133,0.256,0.509,122.987,indie-pop,"Tame Impala, Elephant"
Tame Impala,Elephant,211227,False,2012,0,0.591,0.556,2,-6.724,1,0.0384,0.529,0.133,0.256,0.509,122.987,synth-pop,"Tame Impala, Elephant"
Metallica,Enter Sandman,331573,False,1991,1,0.579,0.824,6,-8.71,0,0.03,0.00206,0.00903,0.059,0.635,123.331,rock metal,"Metallica, Enter Sandman"
Metallica,Enter Sandman,331267,False,1991,78,0.577,0.828,6,-8.691,0,0.0298,0.00213,0.0114,0.0581,0.604,123.257,rock metal,"Metallica, Enter Sandman"
Foo Fighters,Everlong,250547,False,1997,80,0.413,0.881,11,-5.541,0,0.0367,5.99e-05,0.000308,0.0805,0.364,158.066,rock,"Foo Fighters, Everlong"
Foo Fighters,Everlong,249987,False,2009,58,0.415,0.867,11,-5.497,0,0.0387,5.69e-05,0.000192,0.0883,0.36,157.902,rock,"Foo Fighters, Everlong"
Rusko,Everyday - Netsky Remix,251670,False,2011,0,0.327,0.933,2,-4.981,1,0.0739,0.000346,0.891,0.245,0.102,173.92,drum-and-bass,"Rusko, Everyday - Netsky Remix"
Rusko,Everyday - Netsky Remix,251670,False,2011,0,0.327,0.933,2,-4.981,1,0.0739,0.000346,0.891,0.245,0.102,173.92,dub,"Rusko, Everyday - Netsky Remix"
Rusko,Everyday - Netsky Remix,251670,False,2011,0,0.327,0.933,2,-4.981,1,0.0739,0.000346,0.891,0.245,0.102,173.92,electronic,"Rusko, Everyday - Netsky Remix"
Rusko,Everyday - Netsky Remix,251670,False,2011,0,0.327,0.933,2,-4.981,1,0.0739,0.000346,0.891,0.245,0.102,173.92,house,"Rusko, Everyday - Netsky Remix"
Bonobo,Eyesdown,326240,False,2010,47,0.758,0.455,4,-9.199,0,0.12,0.0442,0.493,0.11,0.183,129.976,ambient,"Bonobo, Eyesdown"
Bonobo,Eyesdown,326240,False,2010,47,0.758,0.455,4,-9.199,0,0.12,0.0442,0.493,0.11,0.183,129.976,electronic,"Bonobo, Eyesdown"
Bonobo,Eyesdown,326240,False,2010,47,0.758,0.455,4,-9.199,0,0.12,0.0442,0.493,0.11,0.183,129.976,idm,"Bonobo, Eyesdown"
Bonobo,Eyesdown,326240,False,2010,47,0.758,0.455,4,-9.199,0,0.12,0.0442,0.493,0.11,0.183,129.976,trip-hop,"Bonobo, Eyesdown"
Secondhand Serenade,Fall For You,185600,False,2008,61,0.387,0.442,0,-7.086,1,0.0352,0.19,0.0,0.0788,0.382,169.481,acoustic,"Secondhand Serenade, Fall For You"
Secondhand Serenade,Fall For You,185600,False,2008,61,0.387,0.442,0,-7.086,1,0.0352,0.19,0.0,0.0788,0.382,169.481,punk,"Secondhand Serenade, Fall For You"
Phantogram,Fall In Love,223227,False,2014,48,0.337,0.859,2,-3.189,0,0.106,0.0484,0.0,0.203,0.265,188.049,indie-pop,"Phantogram, Fall In Love"
Phantogram,Fall In Love,223227,False,2014,48,0.337,0.859,2,-3.189,0,0.106,0.0484,0.0,0.203,0.265,188.049,synth-pop,"Phantogram, Fall In Love"
Black Lips,Family Tree,156387,False,2011,0,0.359,0.971,11,-2.804,0,0.0771,0.0198,0.000123,0.37,0.296,88.286,garage,"Black Lips, Family Tree"
Black Lips,Family Tree,156387,False,2011,0,0.359,0.971,11,-2.804,0,0.0771,0.0198,0.000123,0.37,0.296,88.286,psych-rock,"Black Lips, Family Tree"
Tame Impala,Feels Like We Only Go Backwards,192960,False,2012,0,0.288,0.901,2,-2.319,0,0.0539,0.0243,0.474,0.116,0.556,150.07,indie-pop,"Tame Impala, Feels Like We Only Go Backwards"
Tame Impala,Feels Like We Only Go Backwards,192960,False,2012,0,0.288,0.901,2,-2.319,0,0.0539,0.0243,0.474,0.116,0.556,150.07,synth-pop,"Tame Impala, Feels Like We Only Go Backwards"
Chase & Status,Flashing Lights,250413,False,2011,0,0.533,0.808,4,-5.139,0,0.048,0.0233,0.0,0.282,0.274,140.04,drum-and-bass,"Chase & Status, Flashing Lights"
Chase & Status,Flashing Lights,250413,False,2011,0,0.533,0.808,4,-5.139,0,0.048,0.0233,0.0,0.282,0.274,140.04,dub,"Chase & Status, Flashing Lights"
Paramore,For a Pessimist  I'm Pretty Optimistic,228293,False,2007,54,0.537,0.927,6,-3.322,1,0.0476,0.00017,6.78e-06,0.115,0.379,102.445,emo,"Paramore, For a Pessimist  I'm Pretty Optimistic"
Paramore,For a Pessimist  I'm Pretty Optimistic,228293,False,2007,54,0.537,0.927,6,-3.322,1,0.0476,0.00017,6.78e-06,0.115,0.379,102.445,punk-rock,"Paramore, For a Pessimist  I'm Pretty Optimistic"
Creedence Clearwater Revival,Fortunate Son,140773,False,1969,80,0.64,0.663,0,-7.516,1,0.0374,0.201,0.00806,0.152,0.663,132.77,rock,"Creedence Clearwater Revival, Fortunate Son"
Creedence Clearwater Revival,Fortunate Son,138400,False,1973,0,0.623,0.529,0,-12.419,1,0.0353,0.17,0.0201,0.489,0.603,132.74,rock,"Creedence Clearwater Revival, Fortunate Son"
Alexandra Stan,Get Back (Asap),209333,False,2011,0,0.712,0.914,0,-3.88,0,0.0351,0.0391,0.391,0.0653,0.719,127.99,disco,"Alexandra Stan, Get Back (Asap)"
Alexandra Stan,Get Back (Asap),209333,False,2011,0,0.712,0.914,0,-3.88,0,0.0351,0.0391,0.391,0.0653,0.719,127.99,house,"Alexandra Stan, Get Back (Asap)"
Daft Punk,Get Lucky (feat. Pharrell Williams & Nile Rodgers) - Radio Edit,248413,False,2013,83,0.794,0.811,6,-8.966,0,0.038,0.0426,1.07e-06,0.101,0.862,116.047,alternative,"Daft Punk, Get Lucky (feat. Pharrell Williams & Nile Rodgers) - Radio Edit"
Daft Punk,Get Lucky (feat. Pharrell Williams & Nile Rodgers) - Radio Edit,248413,False,2013,83,0.794,0.811,6,-8.966,0,0.038,0.0426,1.07e-06,0.101,0.862,116.047,soul,"Daft Punk, Get Lucky (feat. Pharrell Williams & Nile Rodgers) - Radio Edit"
Daft Punk,Get Lucky (feat. Pharrell Williams & Nile Rodgers) - Radio Edit,248413,False,2013,83,0.794,0.811,6,-8.966,0,0.038,0.0426,1.07e-06,0.101,0.862,116.047,techno,"Daft Punk, Get Lucky (feat. Pharrell Williams & Nile Rodgers) - Radio Edit"
Laura Marling,Ghosts,179960,False,2008,56,0.463,0.368,9,-11.546,1,0.048,0.376,0.0,0.149,0.75,141.974,folk,"Laura Marling, Ghosts"
Laura Marling,Ghosts,179960,False,2008,56,0.463,0.368,9,-11.546,1,0.048,0.376,0.0,0.149,0.75,141.974,indie,"Laura Marling, Ghosts"
RJD2,Ghostwriter,317933,False,2002,58,0.747,0.68,1,-6.187,1,0.0346,0.0107,0.803,0.0964,0.594,93.804,ambient,"RJD2, Ghostwriter"
RJD2,Ghostwriter,317933,False,2002,58,0.747,0.68,1,-6.187,1,0.0346,0.0107,0.803,0.0964,0.594,93.804,edm,"RJD2, Ghostwriter"
RJD2,Ghostwriter,317933,False,2002,58,0.747,0.68,1,-6.187,1,0.0346,0.0107,0.803,0.0964,0.594,93.804,indie,"RJD2, Ghostwriter"
Evanescence,Going Under,214947,False,2003,0,0.371,0.857,11,-4.913,0,0.0538,0.00921,6.87e-05,0.135,0.442,175.093,alternative,"Evanescence, Going Under"
Evanescence,Going Under,214947,False,2003,0,0.371,0.857,11,-4.913,0,0.0538,0.00921,6.87e-05,0.135,0.442,175.093,emo,"Evanescence, Going Under"
Lifehouse,Hanging By A Moment,216067,False,2000,66,0.541,0.864,1,-4.915,1,0.0357,0.00118,0.0,0.0896,0.435,124.557,alternative,"Lifehouse, Hanging By A Moment"
Lifehouse,Hanging By A Moment,216067,False,2000,66,0.541,0.864,1,-4.915,1,0.0357,0.00118,0.0,0.0896,0.435,124.557,grunge,"Lifehouse, Hanging By A Moment"
TV On The Radio,Happy Idiot,183002,False,2014,62,0.617,0.948,11,-4.236,0,0.0621,0.00226,0.00221,0.0755,0.863,139.996,rock,"TV On The Radio, Happy Idiot"
TV On The Radio,Happy Idiot,183002,False,2014,29,0.617,0.948,11,-4.236,0,0.0621,0.00226,0.00221,0.0755,0.863,139.996,rock,"TV On The Radio, Happy Idiot"
The Oh Hellos,Hello My Old Heart,256007,False,2011,0,0.557,0.299,0,-10.634,1,0.0266,0.624,0.0308,0.0914,0.297,90.081,alternative,"The Oh Hellos, Hello My Old Heart"
The Oh Hellos,Hello My Old Heart,256007,False,2011,0,0.557,0.299,0,-10.634,1,0.0266,0.624,0.0308,0.0914,0.297,90.081,folk,"The Oh Hellos, Hello My Old Heart"
Chronixx,Here Comes Trouble,234644,False,2013,0,0.754,0.739,9,-5.976,0,0.232,0.242,0.0,0.0759,0.848,83.495,dancehall,"Chronixx, Here Comes Trouble"
Chronixx,Here Comes Trouble,234587,False,2014,0,0.758,0.786,4,-4.897,0,0.108,0.156,0.0,0.0658,0.786,83.495,dancehall,"Chronixx, Here Comes Trouble"
Family of the Year,Hero,190280,False,2012,30,0.341,0.539,5,-5.76,1,0.0265,0.213,6.44e-05,0.109,0.267,174.564,indie-pop,"Family of the Year, Hero"
Family of the Year,Hero,190280,False,2012,30,0.341,0.539,5,-5.76,1,0.0265,0.213,6.44e-05,0.109,0.267,174.564,synth-pop,"Family of the Year, Hero"
Bon Iver,Holocene,336613,False,2011,0,0.375,0.322,1,-14.38,1,0.03,0.941,0.537,0.119,0.155,147.961,indie,"Bon Iver, Holocene"
Bon Iver,Holocene,336613,True,2011,2,0.374,0.304,1,-14.52,1,0.0302,0.943,0.298,0.126,0.147,147.969,indie-pop,"Bon Iver, Holocene"
Siouxsie and the Banshees,Hong Kong Garden,173520,False,2002,0,0.618,0.668,0,-10.312,1,0.03,0.00381,0.0307,0.17,0.663,146.615,punk,"Siouxsie and the Banshees, Hong Kong Garden"
Siouxsie and the Banshees,Hong Kong Garden,175907,False,1978,0,0.613,0.708,0,-8.908,1,0.0296,0.000834,0.113,0.153,0.712,146.616,punk,"Siouxsie and the Banshees, Hong Kong Garden"
Mumford & Sons,Hopeless Wanderer,307853,False,2012,0,0.345,0.601,7,-7.421,0,0.0364,0.0196,0.00348,0.107,0.265,78.459,acoustic,"Mumford & Sons, Hopeless Wanderer"
Mumford & Sons,Hopeless Wanderer,307853,False,2012,0,0.345,0.601,7,-7.421,0,0.0364,0.0196,0.00348,0.107,0.265,78.459,folk,"Mumford & Sons, Hopeless Wanderer"
Bobby Byrd,Hot Pants... I'm Coming I'm Coming,145600,False,1988,0,0.802,0.742,11,-8.376,0,0.0591,0.0223,0.0038,0.0954,0.897,112.023,breakbeat,"Bobby Byrd, Hot Pants... I'm Coming I'm Coming"
Bobby Byrd,Hot Pants... I'm Coming I'm Coming,145600,False,1988,0,0.804,0.739,11,-8.559,0,0.0554,0.0193,0.000922,0.0891,0.886,111.958,funk,"Bobby Byrd, Hot Pants... I'm Coming I'm Coming"
Johnny Cash,Hurt,218587,False,2005,0,0.514,0.292,9,-11.768,0,0.0291,0.827,0.00223,0.0926,0.157,90.459,acoustic,"Johnny Cash, Hurt"
Johnny Cash,Hurt,218587,False,2005,0,0.514,0.292,9,-11.768,0,0.0291,0.827,0.00223,0.0926,0.157,90.459,rock-n-roll,"Johnny Cash, Hurt"
Johnny Cash,Hurt,218587,False,2005,0,0.514,0.292,9,-11.768,0,0.0291,0.827,0.00223,0.0926,0.157,90.459,rockabilly,"Johnny Cash, Hurt"
The Soggy Bottom Boys,I Am A Man Of Constant Sorrow - From “O Brother  Where Art Thou” Soundtrack / Radio Station Version,190000,False,2000,0,0.568,0.308,5,-13.063,1,0.0274,0.69,0.0,0.104,0.721,85.917,country,"The Soggy Bottom Boys, I Am A Man Of Constant Sorrow - From “O Brother  Where Art Thou” Soundtrack / Radio Station Version"
The Soggy Bottom Boys,I Am A Man Of Constant Sorrow - From “O Brother  Where Art Thou” Soundtrack / Radio Station Version,190000,False,2000,0,0.568,0.308,5,-13.063,1,0.0274,0.69,0.0,0.104,0.721,85.917,folk,"The Soggy Bottom Boys, I Am A Man Of Constant Sorrow - From “O Brother  Where Art Thou” Soundtrack / Radio Station Version"
Mumford & Sons,I Gave You All,259133,False,2009,0,0.379,0.296,2,-12.949,0,0.0357,0.468,0.00166,0.11,0.0557,115.777,alternative,"Mumford & Sons, I Gave You All"
Mumford & Sons,I Gave You All,259133,False,2009,0,0.379,0.296,2,-12.949,0,0.0357,0.468,0.00166,0.11,0.0557,115.777,bluegrass,"Mumford & Sons, I Gave You All"
Macy Gray,I Try,238067,False,2008,0,0.559,0.637,2,-7.495,1,0.0321,0.304,0.000195,0.0783,0.782,152.885,soul,"Macy Gray, I Try"
Macy Gray,I Try,239440,False,1999,71,0.593,0.642,2,-7.284,1,0.0299,0.313,0.000582,0.0804,0.736,76.403,soul,"Macy Gray, I Try"
KISS,I Was Made For Lovin' You,270267,False,2001,10,0.696,0.886,4,-4.34,1,0.0837,0.021,0.000169,0.066,0.88,128.961,rock metal,"KISS, I Was Made For Lovin' You"
KISS,I Was Made For Lovin' You,271240,False,1979,80,0.768,0.852,4,-6.215,1,0.038,0.214,7.36e-05,0.0723,0.867,128.373,rock metal,"KISS, I Was Made For Lovin' You"
Ty Segall,I Wear Black,134440,False,2009,23,0.336,0.757,9,-3.002,0,0.0636,0.0199,0.746,0.287,0.705,106.342,garage,"Ty Segall, I Wear Black"
Ty Segall,I Wear Black,134440,False,2009,23,0.336,0.757,9,-3.002,0,0.0636,0.0199,0.746,0.287,0.705,106.342,psych-rock,"Ty Segall, I Wear Black"
Oliver Schories,I'm Not,348481,False,2012,0,0.706,0.436,7,-14.327,0,0.0351,0.061,0.463,0.0967,0.472,123.998,deep-house,"Oliver Schories, I'm Not"
Oliver Schories,I'm Not,348481,False,2012,0,0.706,0.436,7,-14.327,0,0.0351,0.061,0.463,0.0967,0.472,123.998,minimal-techno,"Oliver Schories, I'm Not"
Oliver Schories,I'm Not,348481,False,2012,0,0.706,0.436,7,-14.327,0,0.0351,0.061,0.463,0.0967,0.472,123.998,techno,"Oliver Schories, I'm Not"
Drake,I'm Upset,214467,True,2018,68,0.899,0.586,11,-7.866,0,0.343,0.279,0.0,0.0836,0.492,150.002,hip-hop,"Drake, I'm Upset"
Drake,I'm Upset,214467,True,2018,68,0.899,0.586,11,-7.866,0,0.343,0.279,0.0,0.0836,0.492,150.002,pop,"Drake, I'm Upset"
Body Language,I'm a Mess,182365,False,2013,8,0.682,0.592,1,-7.225,0,0.0439,0.392,7.11e-05,0.135,0.772,93.202,alternative,"Body Language, I'm a Mess"
Body Language,I'm a Mess,182365,False,2013,8,0.682,0.592,1,-7.225,0,0.0439,0.392,7.11e-05,0.135,0.772,93.202,electronic,"Body Language, I'm a Mess"
Tube & Berger,Imprint of Pleasure - Original Mix,442627,False,2013,0,0.806,0.615,9,-8.129,0,0.0927,0.152,0.774,0.102,0.499,122.061,house,"Tube & Berger, Imprint of Pleasure - Original Mix"
Tube & Berger,Imprint of Pleasure - Original Mix,442627,False,2013,0,0.806,0.615,9,-8.129,0,0.0927,0.152,0.774,0.102,0.499,122.061,minimal-techno,"Tube & Berger, Imprint of Pleasure - Original Mix"
Ivan Gough,In My Mind (feat. Georgi Kay) - Axwell Radio Edit,185625,False,2012,55,0.51,0.831,7,-4.514,0,0.0606,0.0435,3.14e-06,0.346,0.376,128.025,house,"Ivan Gough, In My Mind (feat. Georgi Kay) - Axwell Radio Edit"
Ivan Gough,In My Mind (feat. Georgi Kay) - Axwell Radio Edit,185625,False,2012,55,0.51,0.831,7,-4.514,0,0.0606,0.0435,3.14e-06,0.346,0.376,128.025,techno,"Ivan Gough, In My Mind (feat. Georgi Kay) - Axwell Radio Edit"
Jane's Addiction,Jane Says,287000,False,1988,65,0.402,0.597,2,-9.258,1,0.0327,0.0385,2.09e-06,0.109,0.496,81.806,rock grunge,"Jane's Addiction, Jane Says"
Jane's Addiction,Jane Says,287000,False,1999,32,0.402,0.597,2,-9.258,1,0.0327,0.0385,2.09e-06,0.109,0.496,81.806,rock grunge,"Jane's Addiction, Jane Says"
Pearl Jam,Jeremy,319467,True,2004,40,0.234,0.909,2,-4.424,1,0.0438,0.0208,0.0,0.104,0.262,105.53,rock grunge,"Pearl Jam, Jeremy"
Pearl Jam,Jeremy,318227,True,1991,70,0.285,0.846,2,-6.472,1,0.0438,0.0404,0.0,0.182,0.287,108.808,rock grunge,"Pearl Jam, Jeremy"
Culture Club,Karma Chameleon,239212,False,2008,0,0.676,0.632,10,-9.927,1,0.037,0.199,0.0,0.107,0.946,91.987,disco,"Culture Club, Karma Chameleon"
Culture Club,Karma Chameleon,241600,False,1993,61,0.676,0.577,10,-12.031,1,0.0365,0.186,0.0,0.148,0.934,91.98,disco,"Culture Club, Karma Chameleon"
Jay Rock,King's Dead (with Kendrick Lamar  Future & James Blake),229670,True,2018,71,0.645,0.705,1,-5.008,1,0.299,0.000813,0.0,0.128,0.376,137.133,hip-hop,"Jay Rock, King's Dead (with Kendrick Lamar  Future & James Blake)"
Jay Rock,King's Dead (with Kendrick Lamar  Future & James Blake),229670,True,2018,71,0.645,0.705,1,-5.008,1,0.299,0.000813,0.0,0.128,0.376,137.133,pop,"Jay Rock, King's Dead (with Kendrick Lamar  Future & James Blake)"
Gojira,L'enfant sauvage,257733,False,2012,56,0.143,0.995,8,-5.698,1,0.185,0.000146,0.438,0.364,0.079,87.803,rock metal,"Gojira, L'enfant sauvage"
Gojira,L'enfant sauvage,257733,False,2013,3,0.144,0.995,1,-5.699,1,0.185,0.000146,0.405,0.364,0.0787,87.843,rock metal,"Gojira, L'enfant sauvage"
Juanes,La Camisa Negra,216707,False,2004,71,0.751,0.731,6,-4.419,0,0.0308,0.0838,0.0,0.0556,0.973,97.007,latino,"Juanes, La Camisa Negra"
Juanes,La Camisa Negra,214507,False,2005,0,0.751,0.73,6,-4.398,0,0.0312,0.0868,0.0,0.0757,0.968,97.014,salsa,"Juanes, La Camisa Negra"
Magic System,La Puissance,247306,False,2005,0,0.742,0.8,0,-4.995,1,0.194,0.0225,0.0,0.119,0.476,94.891,afrobeat,"Magic System, La Puissance"
Magic System,La Puissance,247306,False,2005,0,0.742,0.8,0,-4.995,1,0.194,0.0225,0.0,0.119,0.476,94.891,dancehall,"Magic System, La Puissance"
Passenger,Let Her Go,252867,False,2012,73,0.509,0.538,7,-7.335,1,0.0572,0.385,0.0,0.104,0.244,75.089,pop,"Passenger, Let Her Go"
Passenger,Let Her Go,252867,False,2012,1,0.509,0.538,7,-7.335,1,0.0572,0.385,0.0,0.104,0.244,75.089,pop,"Passenger, Let Her Go"
Marvin Gaye,Let's Get It On,292067,False,2007,0,0.553,0.637,3,-10.191,1,0.0504,0.0863,1.86e-06,0.0532,0.679,166.492,soul funk,"Marvin Gaye, Let's Get It On"
Marvin Gaye,Let's Get It On,291720,False,2008,0,0.499,0.598,3,-12.56,1,0.0843,0.272,0.0,0.0639,0.616,167.676,soul funk,"Marvin Gaye, Let's Get It On"
Of Monsters and Men,Little Talks,266600,False,2012,79,0.457,0.757,1,-5.177,1,0.032,0.0206,0.0,0.146,0.417,102.961,alternative,"Of Monsters and Men, Little Talks"
Of Monsters and Men,Little Talks,266600,False,2012,79,0.457,0.757,1,-5.177,1,0.032,0.0206,0.0,0.146,0.417,102.961,house,"Of Monsters and Men, Little Talks"
Of Monsters and Men,Little Talks,266600,False,2012,56,0.445,0.757,1,-5.177,1,0.0322,0.0206,0.0,0.146,0.421,102.878,indie-pop,"Of Monsters and Men, Little Talks"
Of Monsters and Men,Little Talks,266600,False,2012,79,0.457,0.757,1,-5.177,1,0.032,0.0206,0.0,0.146,0.417,102.961,new-age,"Of Monsters and Men, Little Talks"
Of Monsters and Men,Little Talks,266600,False,2012,56,0.445,0.757,1,-5.177,1,0.0322,0.0206,0.0,0.146,0.421,102.878,synth-pop,"Of Monsters and Men, Little Talks"
Bon Jovi,Livin' On A Prayer,250627,False,2010,0,0.52,0.887,0,-3.296,1,0.0349,0.0665,0.000179,0.186,0.793,122.528,rock,"Bon Jovi, Livin' On A Prayer"
Bon Jovi,Livin' On A Prayer,250627,False,2010,0,0.522,0.882,0,-3.216,1,0.0359,0.0599,0.00021,0.33,0.815,122.541,rock,"Bon Jovi, Livin' On A Prayer"
Enrique Iglesias,Loco,193253,False,2013,0,0.608,0.509,7,-3.694,1,0.0286,0.677,0.0,0.114,0.221,145.983,pop,"Enrique Iglesias, Loco"
Enrique Iglesias,Loco,213667,False,2013,0,0.754,0.863,7,-3.368,1,0.0281,0.381,0.0,0.112,0.896,132.964,pop,"Enrique Iglesias, Loco"
Kölsch,Loreley - Original Mix,405125,False,2011,0,0.808,0.467,9,-8.688,0,0.156,0.271,6.97e-05,0.112,0.0312,128.076,deep-house,"Kölsch, Loreley - Original Mix"
Kölsch,Loreley - Original Mix,405125,False,2011,0,0.808,0.467,9,-8.688,0,0.156,0.271,6.97e-05,0.112,0.0312,128.076,minimal-techno,"Kölsch, Loreley - Original Mix"
Kölsch,Loreley - Original Mix,405125,False,2011,0,0.808,0.467,9,-8.688,0,0.156,0.271,6.97e-05,0.112,0.0312,128.076,techno,"Kölsch, Loreley - Original Mix"
Beck,Loser,235000,False,1994,66,0.615,0.616,6,-10.39,0,0.133,0.0399,0.000129,0.348,0.836,170.776,rock,"Beck, Loser"
Beck,Loser,235000,False,1994,70,0.654,0.611,2,-10.45,1,0.119,0.0337,0.000178,0.405,0.786,85.387,rock,"Beck, Loser"
Daddy Yankee,Lovumba,218413,False,2012,38,0.734,0.933,11,-4.639,0,0.0578,0.0375,0.0,0.302,0.935,120.987,reggaeton,"Daddy Yankee, Lovumba"
Daddy Yankee,Lovumba,220292,False,2011,0,0.731,0.929,11,-4.773,0,0.0569,0.0372,0.0,0.329,0.93,121.01,reggaeton,"Daddy Yankee, Lovumba"
Juice WRLD,Lucid Dreams,239836,True,2018,1,0.511,0.566,6,-7.23,0,0.2,0.349,0.0,0.34,0.218,83.903,hip-hop,"Juice WRLD, Lucid Dreams"
Juice WRLD,Lucid Dreams,239836,True,2018,1,0.511,0.566,6,-7.23,0,0.2,0.349,0.0,0.34,0.218,83.903,pop,"Juice WRLD, Lucid Dreams"
Rainbow,Man On The Silver Mountain,276387,False,2009,0,0.589,0.782,7,-8.151,0,0.0308,0.308,0.0274,0.061,0.834,107.526,rock metal,"Rainbow, Man On The Silver Mountain"
Rainbow,Man On The Silver Mountain,277227,False,1975,0,0.594,0.77,7,-8.267,0,0.032,0.276,0.0176,0.0575,0.827,107.484,rock metal,"Rainbow, Man On The Silver Mountain"
Rick James,Mary Jane,297347,False,1978,61,0.537,0.82,11,-7.011,0,0.127,0.256,1.93e-06,0.432,0.881,94.429,soul funk disco,"Rick James, Mary Jane"
Rick James,Mary Jane,297293,False,1997,0,0.567,0.837,11,-6.57,0,0.111,0.173,8.2e-06,0.329,0.894,94.681,soul funk disco,"Rick James, Mary Jane"
M83,Midnight City,243960,False,2011,0,0.507,0.729,11,-5.399,0,0.0393,0.0182,1.4e-06,0.0658,0.272,105.013,deep-house,"M83, Midnight City"
M83,Midnight City,241440,False,2011,34,0.526,0.712,11,-6.525,0,0.0356,0.0161,0.0,0.179,0.32,105.009,indie-pop,"M83, Midnight City"
M83,Midnight City,243960,False,2011,0,0.507,0.729,11,-5.399,0,0.0393,0.0182,1.4e-06,0.0658,0.272,105.013,industrial,"M83, Midnight City"
Paramore,Misery Business,211520,False,2007,75,0.517,0.906,1,-3.677,1,0.0735,0.00272,9.26e-06,0.113,0.731,172.977,alternative,"Paramore, Misery Business"
Paramore,Misery Business,211520,False,2007,75,0.517,0.906,1,-3.677,1,0.0735,0.00272,9.26e-06,0.113,0.731,172.977,punk,"Paramore, Misery Business"
Paramore,Misery Business,211520,False,2007,75,0.517,0.906,1,-3.677,1,0.0735,0.00272,9.26e-06,0.113,0.731,172.977,punk-rock,"Paramore, Misery Business"
Paramore,Misery Business,211520,False,2007,75,0.517,0.906,1,-3.677,1,0.0735,0.00272,9.26e-06,0.113,0.731,172.977,rock-n-roll,"Paramore, Misery Business"
Evanescence,My Immortal,273360,False,2003,0,0.251,0.333,9,-7.828,1,0.0336,0.748,1.22e-05,0.0847,0.0691,97.195,emo,"Evanescence, My Immortal"
Evanescence,My Immortal,273360,False,2003,0,0.251,0.333,9,-7.828,1,0.0336,0.748,1.22e-05,0.0847,0.0691,97.195,goth,"Evanescence, My Immortal"
Lit,My Own Worst Enemy,169027,True,1999,71,0.494,0.946,4,-2.757,1,0.0637,0.00129,0.0,0.398,0.741,103.408,grunge,"Lit, My Own Worst Enemy"
Lit,My Own Worst Enemy,169027,True,1999,71,0.494,0.946,4,-2.757,1,0.0637,0.00129,0.0,0.398,0.741,103.408,punk,"Lit, My Own Worst Enemy"
Scuba,NE1BUTU,280542,False,2013,11,0.368,0.976,7,-7.431,1,0.121,0.00209,0.57,0.234,0.107,127.983,deep-house,"Scuba, NE1BUTU"
Scuba,NE1BUTU,280542,False,2013,11,0.368,0.976,7,-7.431,1,0.121,0.00209,0.57,0.234,0.107,127.983,electronic,"Scuba, NE1BUTU"
Nightwish,Nemo,279373,False,2004,0,0.491,0.744,3,-6.306,1,0.0351,0.000158,0.000102,0.325,0.375,125.058,goth,"Nightwish, Nemo"
Nightwish,Nemo,276120,False,2004,0,0.497,0.737,3,-6.291,1,0.0353,0.0002,7.55e-05,0.0744,0.351,125.045,hard-rock,"Nightwish, Nemo"
Nightwish,Nemo,276120,False,2004,0,0.497,0.737,3,-6.291,1,0.0353,0.0002,7.55e-05,0.0744,0.351,125.045,metal,"Nightwish, Nemo"
Linkin Park,New Divide,268613,False,2009,68,0.493,0.808,5,-3.365,0,0.0362,0.000235,0.0,0.0983,0.38,117.971,alternative,"Linkin Park, New Divide"
Linkin Park,New Divide,268613,False,2009,68,0.493,0.808,5,-3.365,0,0.0362,0.000235,0.0,0.0983,0.38,117.971,punk-rock,"Linkin Park, New Divide"
Linkin Park,New Divide,268613,False,2009,68,0.493,0.808,5,-3.365,0,0.0362,0.000235,0.0,0.0983,0.38,117.971,rock-n-roll,"Linkin Park, New Divide"
The Shins,New Slang,231173,False,2001,1,0.669,0.389,0,-11.547,1,0.0306,0.605,0.16,0.0905,0.649,130.015,acoustic,"The Shins, New Slang"
The Shins,New Slang,231173,False,2001,1,0.669,0.389,0,-11.547,1,0.0306,0.605,0.16,0.0905,0.649,130.015,indie-pop,"The Shins, New Slang"
Madball,New York City,121347,False,2003,13,0.416,0.978,10,-4.757,1,0.111,0.000869,0.0875,0.281,0.238,119.046,hardcore,"Madball, New York City"
Madball,New York City,121707,False,1994,34,0.432,0.978,10,-6.52,0,0.0826,0.00106,0.0311,0.238,0.19,118.934,hardcore,"Madball, New York City"
Guns N' Roses,November Rain,536960,False,2004,0,0.329,0.679,11,-8.219,1,0.0314,0.0259,0.315,0.123,0.272,80.029,rock,"Guns N' Roses, November Rain"
Guns N' Roses,November Rain,537507,False,1991,0,0.197,0.629,11,-9.291,1,0.03,0.0165,0.279,0.125,0.221,79.495,rock,"Guns N' Roses, November Rain"
Ben Klock,October,524811,False,2008,0,0.825,0.533,8,-11.363,1,0.128,0.00261,0.783,0.108,0.749,126.003,minimal-techno,"Ben Klock, October"
Ben Klock,October,524811,False,2008,0,0.825,0.533,8,-11.363,1,0.128,0.00261,0.783,0.108,0.749,126.003,techno,"Ben Klock, October"
Hawthorne Heights,Ohio Is for Lovers,244480,False,2004,1,0.568,0.835,8,-6.896,0,0.0687,0.0411,0.0,0.357,0.625,170.045,emo,"Hawthorne Heights, Ohio Is for Lovers"
Hawthorne Heights,Ohio Is for Lovers,244480,False,2004,1,0.568,0.835,8,-6.896,0,0.0687,0.0411,0.0,0.357,0.625,170.045,punk,"Hawthorne Heights, Ohio Is for Lovers"
Imagine Dragons,On Top Of The World,189840,False,2012,0,0.507,0.923,0,-5.581,1,0.173,0.0818,4.63e-06,0.0951,0.768,99.252,rock,"Imagine Dragons, On Top Of The World"
Imagine Dragons,On Top Of The World,189840,False,2012,57,0.635,0.926,0,-5.589,1,0.151,0.0893,4.53e-06,0.0928,0.761,100.048,rock,"Imagine Dragons, On Top Of The World"
Within Temptation,Paradise (What About Us?) [Feat. Tarja],319688,False,2014,0,0.461,0.928,4,-3.542,0,0.0697,0.000583,0.0012,0.615,0.428,135.03,hard-rock,"Within Temptation, Paradise (What About Us?) [Feat. Tarja]"
Within Temptation,Paradise (What About Us?) [Feat. Tarja],319688,False,2014,0,0.461,0.928,4,-3.542,0,0.0697,0.000583,0.0012,0.615,0.428,135.03,metal,"Within Temptation, Paradise (What About Us?) [Feat. Tarja]"
Incubus,Pardon Me,223747,False,1999,67,0.579,0.812,1,-6.509,0,0.0693,0.00114,0.00333,0.115,0.278,152.002,rock,"Incubus, Pardon Me"
Incubus,Pardon Me,223733,False,1999,0,0.582,0.817,1,-6.489,0,0.0631,0.000988,0.0139,0.129,0.28,152.018,rock,"Incubus, Pardon Me"
Depeche Mode,Personal Jesus,225040,False,2006,54,0.687,0.852,11,-5.538,1,0.0351,0.104,0.00866,0.0596,0.766,129.981,goth,"Depeche Mode, Personal Jesus"
Depeche Mode,Personal Jesus,225040,False,2006,54,0.687,0.852,11,-5.538,1,0.0351,0.104,0.00866,0.0596,0.766,129.981,industrial,"Depeche Mode, Personal Jesus"
Wild Cherry,Play That Funky Music,301800,False,2002,31,0.822,0.87,9,-6.257,1,0.0592,0.124,0.0,0.045,0.901,109.174,disco,"Wild Cherry, Play That Funky Music"
Wild Cherry,Play That Funky Music,195333,False,2004,0,0.761,0.923,9,-2.452,1,0.0855,0.0605,0.0,0.097,0.888,109.143,disco,"Wild Cherry, Play That Funky Music"
Aventura,Por un Segundo,255027,False,2009,65,0.811,0.562,5,-10.183,0,0.0368,0.137,0.0,0.0623,0.965,129.039,latino,"Aventura, Por un Segundo"
Aventura,Por un Segundo,255027,False,2009,65,0.811,0.562,5,-10.183,0,0.0368,0.137,0.0,0.0623,0.965,129.039,salsa,"Aventura, Por un Segundo"
Moby,Porcelain,241173,False,2008,56,0.297,0.637,0,-7.926,0,0.0336,0.0014,0.18,0.247,0.332,94.73,ambient,"Moby, Porcelain"
Moby,Porcelain,241173,False,2008,56,0.297,0.637,0,-7.926,0,0.0336,0.0014,0.18,0.247,0.332,94.73,electronic,"Moby, Porcelain"
Moby,Porcelain,241173,False,2008,56,0.297,0.637,0,-7.926,0,0.0336,0.0014,0.18,0.247,0.332,94.73,techno,"Moby, Porcelain"
Moby,Porcelain,241173,False,2008,56,0.297,0.637,0,-7.926,0,0.0336,0.0014,0.18,0.247,0.332,94.73,trip-hop,"Moby, Porcelain"
Rise Against,Prayer Of The Refugee,195837,False,2006,0,0.309,0.971,3,-3.45,0,0.146,0.00208,8.12e-06,0.565,0.456,195.809,punk,"Rise Against, Prayer Of The Refugee"
Rise Against,Prayer Of The Refugee,199387,False,2006,65,0.2,0.977,3,-3.494,0,0.159,0.00165,1.1e-05,0.259,0.39,195.711,punk,"Rise Against, Prayer Of The Refugee"
Slipknot,Psychosocial,283400,False,2008,42,0.576,0.989,2,-1.909,1,0.112,0.00252,0.0032,0.0243,0.352,135.093,death-metal,"Slipknot, Psychosocial"
Slipknot,Psychosocial,283400,False,2008,42,0.576,0.989,2,-1.909,1,0.112,0.00252,0.0032,0.0243,0.352,135.093,rock-n-roll,"Slipknot, Psychosocial"
Netsky,Puppy,260422,False,2012,0,0.72,0.727,0,-3.739,1,0.103,0.00616,1.1e-06,0.283,0.856,128.03,drum-and-bass,"Netsky, Puppy"
Netsky,Puppy,260422,False,2012,0,0.72,0.727,0,-3.739,1,0.103,0.00616,1.1e-06,0.283,0.856,128.03,edm,"Netsky, Puppy"
Perfume Genius,Queen,230720,False,2014,0,0.419,0.54,1,-4.936,1,0.0294,0.21,0.0454,0.188,0.13,131.924,indie-pop,"Perfume Genius, Queen"
Perfume Genius,Queen,230720,False,2014,0,0.419,0.54,1,-4.936,1,0.0294,0.21,0.0454,0.188,0.13,131.924,synth-pop,"Perfume Genius, Queen"
Golden Earring,Radar Love,384080,False,2008,0,0.509,0.695,1,-9.583,0,0.0385,0.0964,0.0139,0.101,0.271,101.489,rock,"Golden Earring, Radar Love"
Golden Earring,Radar Love,385893,False,1973,57,0.503,0.468,1,-16.829,0,0.0374,0.0256,0.00134,0.0842,0.215,102.451,rock,"Golden Earring, Radar Love"
The War On Drugs,Red Eyes,297827,False,2015,0,0.464,0.818,10,-6.386,1,0.0362,0.0101,0.155,0.192,0.477,161.841,indie,"The War On Drugs, Red Eyes"
The War On Drugs,Red Eyes,298920,False,2014,2,0.464,0.815,10,-6.371,1,0.0368,0.00871,0.201,0.162,0.467,161.845,indie-pop,"The War On Drugs, Red Eyes"
The War On Drugs,Red Eyes,298920,False,2014,2,0.464,0.815,10,-6.371,1,0.0368,0.00871,0.201,0.162,0.467,161.845,synth-pop,"The War On Drugs, Red Eyes"
Aretha Franklin,Respect,147600,False,1967,72,0.805,0.558,0,-5.226,1,0.041,0.164,2.2e-05,0.0546,0.965,114.95,soul,"Aretha Franklin, Respect"
Aretha Franklin,Respect,144091,False,2012,0,0.819,0.504,0,-6.561,1,0.0411,0.115,0.000176,0.0388,0.964,114.932,soul,"Aretha Franklin, Respect"
Plain White T's,Rhythm Of Love,200200,False,2010,61,0.531,0.542,8,-7.721,1,0.0432,0.356,0.0,0.119,0.726,171.878,acoustic,"Plain White T's, Rhythm Of Love"
Plain White T's,Rhythm Of Love,200200,False,2010,61,0.531,0.542,8,-7.721,1,0.0432,0.356,0.0,0.119,0.726,171.878,alternative,"Plain White T's, Rhythm Of Love"
Stray Cats,Rock This Town,204400,False,1981,39,0.482,0.743,2,-13.077,1,0.0363,0.0607,4.81e-06,0.292,0.655,99.441,rockabilly,"Stray Cats, Rock This Town"
Stray Cats,Rock This Town,158747,False,2013,30,0.314,0.935,2,-6.056,1,0.0584,0.0912,0.0,0.112,0.737,199.77,rockabilly,"Stray Cats, Rock This Town"
Kaiser Chiefs,Ruby,204200,False,2007,68,0.451,0.939,5,-2.82,0,0.0512,0.00673,4.85e-06,0.0774,0.448,93.416,rock,"Kaiser Chiefs, Ruby"
Kaiser Chiefs,Ruby,204200,False,2007,0,0.312,0.941,5,-2.826,0,0.0696,0.00634,3.22e-06,0.076,0.424,186.813,rock,"Kaiser Chiefs, Ruby"
Regina Spektor,Samson,189507,False,2006,47,0.49,0.193,11,-9.544,1,0.0421,0.862,9.74e-06,0.113,0.184,89.154,acoustic,"Regina Spektor, Samson"
Regina Spektor,Samson,189507,False,2006,47,0.49,0.193,11,-9.544,1,0.0421,0.862,9.74e-06,0.113,0.184,89.154,folk,"Regina Spektor, Samson"
Scatman John,Scatman (ski-ba-bop-ba-dop-bop),215973,False,1995,0,0.65,0.82,5,-10.9,0,0.0356,0.0655,0.00274,0.215,0.757,135.982,disco,"Scatman John, Scatman (ski-ba-bop-ba-dop-bop)"
Scatman John,Scatman (ski-ba-bop-ba-dop-bop),215973,False,1995,0,0.65,0.82,5,-10.9,0,0.0356,0.0655,0.00274,0.215,0.757,135.982,techno,"Scatman John, Scatman (ski-ba-bop-ba-dop-bop)"
Kings of Leon,Sex on Fire,204587,False,2008,0,0.544,0.903,9,-5.651,1,0.0545,0.00166,0.00632,0.1,0.432,153.629,rock,"Kings of Leon, Sex on Fire"
Kings of Leon,Sex on Fire,203347,False,2008,80,0.542,0.905,9,-5.653,1,0.054,0.00172,0.0104,0.136,0.374,153.398,rock,"Kings of Leon, Sex on Fire"
Marvin Gaye,Sexual Healing,239800,False,2009,49,0.799,0.602,0,-9.714,0,0.061,0.117,0.000267,0.0658,0.717,94.333,soul funk,"Marvin Gaye, Sexual Healing"
Marvin Gaye,Sexual Healing,239360,False,2003,12,0.802,0.554,5,-11.313,0,0.0599,0.112,0.000163,0.0504,0.729,94.388,soul funk,"Marvin Gaye, Sexual Healing"
David Guetta,She Wolf (Falling to Pieces) [feat. Sia],210577,False,2012,0,0.51,0.859,7,-2.479,1,0.0679,0.0639,1.56e-05,0.445,0.415,129.968,pop edm,"David Guetta, She Wolf (Falling to Pieces) [feat. Sia]"
David Guetta,She Wolf (Falling to Pieces) [feat. Sia],222500,False,2011,51,0.491,0.857,7,-2.634,1,0.0656,0.0834,7.57e-06,0.344,0.395,129.971,pop edm,"David Guetta, She Wolf (Falling to Pieces) [feat. Sia]"
Earth  Wind & Fire,Shining Star,170107,False,1998,0,0.678,0.787,9,-9.045,1,0.0582,0.453,0.00271,0.199,0.808,102.513,soul funk disco,"Earth  Wind & Fire, Shining Star"
Earth  Wind & Fire,Shining Star,170160,False,1975,62,0.676,0.692,9,-13.093,1,0.052,0.668,0.00915,0.13,0.799,102.516,soul funk disco,"Earth  Wind & Fire, Shining Star"
Lynyrd Skynyrd,Simple Man,356960,False,1998,0,0.433,0.756,6,-8.763,1,0.0443,0.00296,0.00166,0.268,0.415,120.574,rock,"Lynyrd Skynyrd, Simple Man"
Lynyrd Skynyrd,Simple Man,356627,False,1973,72,0.422,0.752,6,-8.682,1,0.0449,0.0366,0.000119,0.129,0.403,120.471,rock,"Lynyrd Skynyrd, Simple Man"
MJ Cole,Sincere - Nero Remix,356173,False,2010,28,0.613,0.72,5,-7.57,0,0.0521,0.00198,0.274,0.103,0.18,139.966,dubstep,"MJ Cole, Sincere - Nero Remix"
MJ Cole,Sincere - Nero Remix,356173,False,2010,28,0.613,0.72,5,-7.57,0,0.0521,0.00198,0.274,0.103,0.18,139.966,garage,"MJ Cole, Sincere - Nero Remix"
Paul Kalkbrenner,Sky and Sand,230500,False,2013,0,0.791,0.329,10,-12.906,0,0.0592,0.6,0.863,0.193,0.526,127.021,electronic,"Paul Kalkbrenner, Sky and Sand"
Paul Kalkbrenner,Sky and Sand,230500,False,2013,0,0.791,0.329,10,-12.906,0,0.0592,0.6,0.863,0.193,0.526,127.021,techno,"Paul Kalkbrenner, Sky and Sand"
fun.,Some Nights,277040,True,2012,70,0.672,0.738,0,-7.045,1,0.0506,0.0178,6.75e-05,0.0927,0.392,107.938,folk,"fun., Some Nights"
fun.,Some Nights,277040,True,2012,70,0.672,0.738,0,-7.045,1,0.0506,0.0178,6.75e-05,0.0927,0.392,107.938,indie-pop,"fun., Some Nights"
fun.,Some Nights,277040,True,2012,70,0.672,0.738,0,-7.045,1,0.0506,0.0178,6.75e-05,0.0927,0.392,107.938,synth-pop,"fun., Some Nights"
Adele,Someone Like You,285240,False,2011,3,0.554,0.321,9,-8.251,1,0.028,0.893,0.0,0.0996,0.288,135.047,pop,"Adele, Someone Like You"
Adele,Someone Like You,285040,False,2011,1,0.559,0.33,9,-8.251,1,0.0285,0.892,0.0,0.0975,0.285,135.109,pop,"Adele, Someone Like You"
Miguel Campbell,Something Special,285841,False,2012,34,0.961,0.266,0,-13.371,0,0.23,0.00234,0.00276,0.0928,0.354,123.012,deep-house,"Miguel Campbell, Something Special"
Miguel Campbell,Something Special,285841,False,2012,34,0.961,0.266,0,-13.371,0,0.23,0.00234,0.00276,0.0928,0.354,123.012,house,"Miguel Campbell, Something Special"
Keane,Somewhere Only We Know,236360,False,2004,0,0.457,0.646,9,-5.24,1,0.0257,0.0637,1.5e-06,0.0854,0.389,172.257,alternative,"Keane, Somewhere Only We Know"
Keane,Somewhere Only We Know,237547,False,2009,0,0.445,0.59,9,-6.747,1,0.0258,0.0575,1.08e-05,0.0832,0.334,172.016,indie-pop,"Keane, Somewhere Only We Know"
Fountains Of Wayne,Stacy's Mom,197987,False,2003,74,0.774,0.75,11,-4.927,0,0.0412,0.00207,1.78e-05,0.0808,0.927,118.015,punk,"Fountains Of Wayne, Stacy's Mom"
Fountains Of Wayne,Stacy's Mom,197987,False,2003,74,0.774,0.75,11,-4.927,0,0.0412,0.00207,1.78e-05,0.0808,0.927,118.015,punk-rock,"Fountains Of Wayne, Stacy's Mom"
Vampire Weekend,Step,251627,False,2013,0,0.624,0.724,10,-7.113,1,0.101,0.591,7.79e-06,0.101,0.624,78.008,indie-pop,"Vampire Weekend, Step"
Vampire Weekend,Step,251627,False,2013,0,0.624,0.724,10,-7.113,1,0.101,0.591,7.79e-06,0.101,0.624,78.008,synth-pop,"Vampire Weekend, Step"
Trivium,Strife,269266,False,2013,37,0.461,0.987,1,-1.711,0,0.108,3.58e-05,8.48e-05,0.359,0.309,142.031,metal metalcore,"Trivium, Strife"
Trivium,Strife,269266,False,2013,56,0.461,0.987,1,-1.711,0,0.108,3.58e-05,8.48e-05,0.359,0.309,142.031,metal metalcore,"Trivium, Strife"
Lana Del Rey,Summertime Sadness,265427,False,2012,64,0.565,0.654,1,-6.826,0,0.0335,0.0542,1.8e-06,0.122,0.235,111.968,pop,"Lana Del Rey, Summertime Sadness"
Lana Del Rey,Summertime Sadness,264773,False,2012,51,0.564,0.649,1,-6.811,0,0.0333,0.051,0.0,0.121,0.201,111.949,pop,"Lana Del Rey, Summertime Sadness"
Stevie Wonder,Superstition,244827,False,2007,0,0.648,0.751,8,-8.582,1,0.0806,0.0182,0.000401,0.0418,0.863,100.437,soul funk,"Stevie Wonder, Superstition"
Stevie Wonder,Superstition,266000,False,1982,0,0.609,0.775,1,-9.251,1,0.0976,0.0967,0.11,0.0861,0.855,100.62,soul funk,"Stevie Wonder, Superstition"
The Temper Trap,Sweet Disposition,234680,False,2009,0,0.54,0.804,2,-7.112,1,0.0425,0.078,0.171,0.115,0.347,129.088,alternative,"The Temper Trap, Sweet Disposition"
The Temper Trap,Sweet Disposition,230800,False,2009,63,0.531,0.821,2,-6.812,1,0.0439,0.0701,0.171,0.124,0.34,129.139,indie-pop,"The Temper Trap, Sweet Disposition"
The Temper Trap,Sweet Disposition,234680,False,2009,0,0.54,0.804,2,-7.112,1,0.0425,0.078,0.171,0.115,0.347,129.088,synth-pop,"The Temper Trap, Sweet Disposition"
Lynyrd Skynyrd,Sweet Home Alabama,283733,False,1998,0,0.612,0.628,7,-10.385,1,0.0257,0.247,0.000194,0.0907,0.927,97.903,rock,"Lynyrd Skynyrd, Sweet Home Alabama"
Lynyrd Skynyrd,Sweet Home Alabama,287173,False,1993,0,0.598,0.606,0,-11.812,1,0.0256,0.162,0.000357,0.353,0.91,97.736,rock,"Lynyrd Skynyrd, Sweet Home Alabama"
Franz Ferdinand,Take Me Out,237027,False,2004,0,0.279,0.664,9,-8.851,1,0.0371,0.000389,0.000655,0.133,0.49,104.56,rock,"Franz Ferdinand, Take Me Out"
Franz Ferdinand,Take Me Out,237027,False,2004,3,0.278,0.676,9,-8.821,1,0.0371,0.000423,0.000899,0.136,0.494,104.545,rock,"Franz Ferdinand, Take Me Out"
Passion Pit,Take a Walk,264800,False,2013,11,0.572,0.76,11,-5.731,1,0.0357,0.0261,0.0,0.314,0.45,100.993,indie-pop,"Passion Pit, Take a Walk"
Passion Pit,Take a Walk,264493,False,2012,68,0.566,0.755,11,-5.526,1,0.0368,0.0338,0.0,0.315,0.445,101.006,synth-pop,"Passion Pit, Take a Walk"
Daft Punk,Technologic,284280,False,2005,55,0.812,0.516,9,-6.963,1,0.224,0.000369,1.09e-05,0.0991,0.633,127.498,electronic,"Daft Punk, Technologic"
Daft Punk,Technologic,284280,False,2005,55,0.812,0.516,9,-6.963,1,0.224,0.000369,1.09e-05,0.0991,0.633,127.498,house,"Daft Punk, Technologic"
Daft Punk,Technologic,284280,False,2005,55,0.812,0.516,9,-6.963,1,0.224,0.000369,1.09e-05,0.0991,0.633,127.498,techno,"Daft Punk, Technologic"
Sly & The Family Stone,Thank You (Falettinme Be Mice Elf Agin) - Single Version,291320,False,1970,57,0.9,0.709,9,-12.683,1,0.0636,0.296,0.00047,0.0863,0.897,105.822,soul funk disco,"Sly & The Family Stone, Thank You (Falettinme Be Mice Elf Agin) - Single Version"
Sly & The Family Stone,Thank You (Falettinme Be Mice Elf Agin) - Single Version,287827,False,2002,44,0.899,0.77,9,-11.011,1,0.0602,0.368,0.000312,0.101,0.932,105.739,soul funk disco,"Sly & The Family Stone, Thank You (Falettinme Be Mice Elf Agin) - Single Version"
Paramore,That's What You Get,220480,False,2007,66,0.528,0.831,8,-3.607,1,0.0429,9.43e-05,0.0,0.141,0.632,131.094,emo,"Paramore, That's What You Get"
Paramore,That's What You Get,220480,False,2007,66,0.528,0.831,8,-3.607,1,0.0429,9.43e-05,0.0,0.141,0.632,131.094,punk-rock,"Paramore, That's What You Get"
Mumford & Sons,The Cave,215627,False,2009,0,0.592,0.499,4,-9.463,1,0.0374,0.0536,4.4e-05,0.113,0.345,141.938,bluegrass,"Mumford & Sons, The Cave"
Mumford & Sons,The Cave,215627,False,2009,0,0.592,0.499,4,-9.463,1,0.0374,0.0536,4.4e-05,0.113,0.345,141.938,folk,"Mumford & Sons, The Cave"
Kraftwerk,The Model - 2004 Remaster,222360,False,2008,0,0.713,0.691,4,-7.189,0,0.0325,0.00748,0.681,0.106,0.713,123.774,electronic,"Kraftwerk, The Model - 2004 Remaster"
Kraftwerk,The Model - 2004 Remaster,222360,False,2008,0,0.713,0.691,4,-7.189,0,0.0325,0.00748,0.681,0.106,0.713,123.774,industrial,"Kraftwerk, The Model - 2004 Remaster"
CHVRCHES,The Mother We Share,190160,True,2013,0,0.452,0.716,1,-5.141,1,0.0313,0.0347,7.85e-06,0.294,0.317,174.037,electronic,"CHVRCHES, The Mother We Share"
CHVRCHES,The Mother We Share,190160,True,2013,0,0.452,0.716,1,-5.141,1,0.0313,0.0347,7.85e-06,0.294,0.317,174.037,synth-pop,"CHVRCHES, The Mother We Share"
Amaranthe,The Nexus,197185,False,2013,0,0.506,0.961,6,-5.054,1,0.135,0.00012,0.0,0.083,0.587,105.007,hard-rock,"Amaranthe, The Nexus"
Amaranthe,The Nexus,197185,False,2013,0,0.506,0.961,6,-5.054,1,0.135,0.00012,0.0,0.083,0.587,105.007,metal,"Amaranthe, The Nexus"
Iggy Pop,The Passenger,280827,False,2005,46,0.481,0.922,0,-3.439,1,0.0534,0.0282,6.93e-06,0.536,0.709,134.785,rock punk,"Iggy Pop, The Passenger"
Iggy Pop,The Passenger,284067,False,1977,45,0.5,0.846,0,-8.098,1,0.0457,0.0797,0.0,0.241,0.738,134.937,rock punk,"Iggy Pop, The Passenger"
Boys Like Girls,Thunder,236680,False,2007,54,0.508,0.821,2,-5.279,1,0.0395,0.223,0.0,0.316,0.463,75.057,emo,"Boys Like Girls, Thunder"
Boys Like Girls,Thunder,236680,False,2007,54,0.508,0.821,2,-5.279,1,0.0395,0.223,0.0,0.316,0.463,75.057,punk-rock,"Boys Like Girls, Thunder"
MGMT,Time to Pretend,261000,True,2014,8,0.438,0.94,2,-3.249,1,0.0452,8.74e-05,0.0777,0.3,0.421,100.99,rock,"MGMT, Time to Pretend"
MGMT,Time to Pretend,261000,True,2007,71,0.438,0.94,2,-3.249,1,0.0452,8.74e-05,0.0777,0.3,0.421,100.99,rock,"MGMT, Time to Pretend"
The Bloody Beetroots,Warp 1.9,202880,False,2009,0,0.653,0.612,6,-5.608,0,0.254,0.00104,0.743,0.0413,0.349,130.091,dub,"The Bloody Beetroots, Warp 1.9"
The Bloody Beetroots,Warp 1.9,202880,False,2009,0,0.653,0.612,6,-5.608,0,0.254,0.00104,0.743,0.0413,0.349,130.091,electronic,"The Bloody Beetroots, Warp 1.9"
The Bloody Beetroots,Warp 1.9,202880,False,2009,0,0.653,0.612,6,-5.608,0,0.254,0.00104,0.743,0.0413,0.349,130.091,techno,"The Bloody Beetroots, Warp 1.9"
Guns N' Roses,Welcome To The Jungle,271867,False,2004,0,0.456,0.978,10,-4.869,0,0.112,0.0301,0.499,0.313,0.327,123.411,rock,"Guns N' Roses, Welcome To The Jungle"
Guns N' Roses,Welcome To The Jungle,272027,True,1987,76,0.447,0.954,8,-8.069,1,0.0751,0.0235,0.403,0.298,0.331,123.453,rock,"Guns N' Roses, Welcome To The Jungle"
Fritz Kalkbrenner,Wes,436180,False,2012,0,0.719,0.712,6,-7.173,1,0.0764,0.00494,0.806,0.141,0.145,125.437,deep-house,"Fritz Kalkbrenner, Wes"
Fritz Kalkbrenner,Wes,436180,False,2012,0,0.719,0.712,6,-7.173,1,0.0764,0.00494,0.806,0.141,0.145,125.437,techno,"Fritz Kalkbrenner, Wes"
Sublime,What I Got,171080,True,1996,0,0.79,0.687,7,-7.571,1,0.101,0.0149,0.000319,0.323,0.628,95.578,punk,"Sublime, What I Got"
Sublime,What I Got,171067,True,1996,0,0.795,0.706,7,-7.494,1,0.101,0.0172,0.000384,0.326,0.623,95.593,punk-rock,"Sublime, What I Got"
Sublime,What I Got,171067,True,1996,0,0.795,0.706,7,-7.494,1,0.101,0.0172,0.000384,0.326,0.623,95.593,ska,"Sublime, What I Got"
Mumford & Sons,White Blank Page,253107,False,2009,0,0.324,0.398,6,-9.811,0,0.0352,0.212,3e-05,0.692,0.299,113.165,acoustic,"Mumford & Sons, White Blank Page"
Mumford & Sons,White Blank Page,253107,False,2009,0,0.324,0.398,6,-9.811,0,0.0352,0.212,3e-05,0.692,0.299,113.165,bluegrass,"Mumford & Sons, White Blank Page"
Mumford & Sons,White Blank Page,253107,False,2009,0,0.324,0.398,6,-9.811,0,0.0352,0.212,3e-05,0.692,0.299,113.165,folk,"Mumford & Sons, White Blank Page"
Disclosure,White Noise,277688,False,2013,0,0.665,0.844,10,-6.164,0,0.0501,0.00963,0.000215,0.311,0.902,119.978,house pop edm,"Disclosure, White Noise"
Disclosure,White Noise,340268,False,2013,0,0.701,0.884,10,-7.338,0,0.0546,0.00537,0.0011,0.402,0.831,120.002,house pop edm,"Disclosure, White Noise"
Cream,White Room,298227,False,1995,0,0.555,0.576,0,-13.451,1,0.0295,0.178,0.00459,0.0419,0.495,109.833,rock,"Cream, White Room"
Cream,White Room,298373,False,2005,35,0.551,0.605,0,-12.7,1,0.0297,0.168,0.00573,0.0562,0.497,109.823,rock,"Cream, White Room"
YG,Who Do You Love?,233507,True,2014,0,0.676,0.415,9,-9.752,1,0.508,0.0281,0.0,0.0915,0.146,193.206,hip-hop,"YG, Who Do You Love?"
YG,Who Do You Love?,233507,True,2014,0,0.676,0.415,9,-9.752,1,0.508,0.0281,0.0,0.0915,0.146,193.206,pop,"YG, Who Do You Love?"
In This Moment,Whore,245533,False,2012,0,0.604,0.883,11,-3.821,0,0.047,0.0254,0.0,0.0813,0.544,90.001,hard-rock,"In This Moment, Whore"
In This Moment,Whore,245533,False,2012,0,0.604,0.883,11,-3.821,0,0.047,0.0254,0.0,0.0813,0.544,90.001,metal,"In This Moment, Whore"
Pendulum,Witchcraft,252960,False,2010,36,0.432,0.969,1,-3.131,1,0.0599,2.92e-05,0.00768,0.385,0.218,174.031,dub,"Pendulum, Witchcraft"
Pendulum,Witchcraft,252960,False,2010,36,0.432,0.969,1,-3.131,1,0.0599,2.92e-05,0.00768,0.385,0.218,174.031,house,"Pendulum, Witchcraft"
Creed,With Arms Wide Open,274800,False,1999,64,0.41,0.539,0,-8.412,1,0.0302,0.00425,0.00089,0.117,0.141,138.852,rock,"Creed, With Arms Wide Open"
Creed,With Arms Wide Open,278440,False,2004,0,0.414,0.525,0,-8.436,1,0.0302,0.00312,0.0011,0.149,0.145,138.869,rock,"Creed, With Arms Wide Open"
Omnitica,Yo! Ho! And a Bottle of Bass!,384035,False,2011,30,0.3,0.645,7,-5.683,1,0.0544,0.00647,0.796,0.0849,0.125,145.053,dub,"Omnitica, Yo! Ho! And a Bottle of Bass!"
Omnitica,Yo! Ho! And a Bottle of Bass!,384035,False,2011,30,0.3,0.645,7,-5.683,1,0.0544,0.00647,0.796,0.0849,0.125,145.053,dubstep,"Omnitica, Yo! Ho! And a Bottle of Bass!"
Bon Jovi,You Give Love A Bad Name,223147,False,2010,0,0.533,0.963,0,-2.528,0,0.0562,0.0353,1.33e-06,0.368,0.789,122.812,rock,"Bon Jovi, You Give Love A Bad Name"
Bon Jovi,You Give Love A Bad Name,222707,False,1986,0,0.537,0.959,0,-3.002,0,0.0557,0.0704,1.8e-06,0.382,0.828,122.806,rock,"Bon Jovi, You Give Love A Bad Name"
Bon Jovi,You Give Love A Bad Name,223147,False,2010,2,0.53,0.964,0,-2.571,0,0.0553,0.0528,4.84e-06,0.372,0.823,122.807,rock,"Bon Jovi, You Give Love A Bad Name"
John Travolta,"You're The One That I Want - From ""Grease"" Original Motion Picture Soundtrack",168467,False,2003,0,0.751,0.753,0,-8.198,1,0.0935,0.227,0.000784,0.209,0.774,106.976,disco,"John Travolta, You're The One That I Want - From ""Grease"" Original Motion Picture Soundtrack"
John Travolta,"You're The One That I Want - From ""Grease"" Original Motion Picture Soundtrack",168467,False,2003,0,0.751,0.753,0,-8.198,1,0.0935,0.227,0.000784,0.209,0.774,106.976,rockabilly,"John Travolta, You're The One That I Want - From ""Grease"" Original Motion Picture Soundtrack"
The Naked And Famous,Young Blood,246600,False,2010,67,0.579,0.865,6,-4.692,1,0.0302,5.63e-05,0.000221,0.649,0.358,104.99,indie-pop,"The Naked And Famous, Young Blood"
The Naked And Famous,Young Blood,246600,False,2010,67,0.579,0.865,6,-4.692,1,0.0302,5.63e-05,0.000221,0.649,0.358,104.99,synth-pop,"The Naked And Famous, Young Blood"
